age,workclass,education,education_num,marital_status,occupation,relationship,race,sex,capital_gain,capital_loss,hours_per_week,native_country,income
39,State-gov,Bachelors,13,Never-married,Adm-clerical,Not-in-family,White,Male,2174,0,40,United-States,<=50K
50,Self-emp-not-inc,Bachelors,13,Married-civ-spouse,Exec-managerial,Husband,White,Male,0,0,13,United-States,<=50K
38,Private,HS-grad,9,Divorced,Handlers-cleaners,Not-in-family,White,Male,0,0,40,United-States,<=50K
53,Private,11th,7,Married-civ-spouse,Handlers-cleaners,Husband,Black,Male,0,0,40,United-States,<=50K
28,Private,Bachelors,13,Married-civ-spouse,Prof-specialty,Wife,Black,Female,0,0,40,Cuba,<=50K
37,Private,Masters,14,Married-civ-spouse,Exec-managerial,Wife,White,Female,0,0,40,United-States,<=50K
49,Private,9th,5,Married-spouse-absent,Other-service,Not-in-family,Black,Female,0,0,16,Jamaica,<=50K
52,Self-emp-not-inc,HS-grad,9,Married-civ-spouse,Exec-managerial,Husband,White,Male,0,0,45,United-States,>50K
31,Private,Masters,14,Never-married,Prof-specialty,Not-in-family,White,Female,14084,0,50,United-States,>50K
42,Private,Bachelors,13,Married-civ-spouse,Exec-managerial,Husband,White,Male,5178,0,40,United-States,>50K
37,Private,Some-college,10,Married-civ-spouse,Exec-managerial,Husband,Black,Male,0,0,80,United-States,>50K
30,State-gov,Bachelors,13,Married-civ-spouse,Prof-specialty,Husband,Asian-Pac-Islander,Male,0,0,40,India,>50K
23,Private,Bachelors,13,Never-married,Adm-clerical,Own-child,White,Female,0,0,30,United-States,<=50K
32,Private,Assoc-acdm,12,Never-married,Sales,Not-in-family,Black,Male,0,0,50,United-States,<=50K
40,Private,Assoc-voc,11,Married-civ-spouse,Craft-repair,Husband,Asian-Pac-Islander,Male,0,0,40,?,>50K
34,Private,7th-8th,4,Married-civ-spouse,Transport-moving,Husband,Amer-Indian-Eskimo,Male,0,0,45,Mexico,<=50K
25,Self-emp-not-inc,HS-grad,9,Never-married,Farming-fishing,Own-child,White,Male,0,0,35,United-States,<=50K
32,Private,HS-grad,9,Never-married,Machine-op-inspct,Unmarried,White,Male,0,0,40,United-States,<=50K
38,Private,11th,7,Married-civ-spouse,Sales,Husband,White,Male,0,0,50,United-States,<=50K
43,Self-emp-not-inc,Masters,14,Divorced,Exec-managerial,Unmarried,White,Female,0,0,45,United-States,>50K
40,Private,Doctorate,16,Married-civ-spouse,Prof-specialty,Husband,White,Male,0,0,60,United-States,>50K
54,Private,HS-grad,9,Separated,Other-service,Unmarried,Black,Female,0,0,20,United-States,<=50K
35,Federal-gov,9th,5,Married-civ-spouse,Farming-fishing,Husband,Black,Male,0,0,40,United-States,<=50K
43,Private,11th,7,Married-civ-spouse,Transport-moving,Husband,White,Male,0,2042,40,United-States,<=50K
59,Private,HS-grad,9,Divorced,Tech-support,Unmarried,White,Female,0,0,40,United-States,<=50K
56,Local-gov,Bachelors,13,Married-civ-spouse,Tech-support,Husband,White,Male,0,0,40,United-States,>50K
19,Private,HS-grad,9,Never-married,Craft-repair,Own-child,White,Male,0,0,40,United-States,<=50K
54,?,Some-college,10,Married-civ-spouse,?,Husband,Asian-Pac-Islander,Male,0,0,60,South,>50K
39,Private,HS-grad,9,Divorced,Exec-managerial,Not-in-family,White,Male,0,0,80,United-States,<=50K
49,Private,HS-grad,9,Married-civ-spouse,Craft-repair,Husband,White,Male,0,0,40,United-States,<=50K
23,Local-gov,Assoc-acdm,12,Never-married,Protective-serv,Not-in-family,White,Male,0,0,52,United-States,<=50K
20,Private,Some-college,10,Never-married,Sales,Own-child,Black,Male,0,0,44,United-States,<=50K
45,Private,Bachelors,13,Divorced,Exec-managerial,Own-child,White,Male,0,1408,40,United-States,<=50K
30,Private,Bachelors,13,Married-civ-spouse,Prof-specialty,Husband,Asian-Pac-Islander,Male,0,0,40,India,>50K
22,State-gov,Some-college,10,Never-married,Other-service,Own-child,White,Male,0,0,15,United-States,<=50K
48,Private,Prof-school,15,Married-civ-spouse,Prof-specialty,Husband,White,Male,0,0,40,United-States,>50K
21,Private,Some-college,10,Never-married,Machine-op-inspct,Own-child,White,Male,0,0,40,United-States,<=50K
19,Private,HS-grad,9,Never-married,Other-service,Own-child,White,Female,0,0,25,United-States,<=50K
31,Private,Masters,14,Divorced,Other-service,Not-in-family,White,Female,0,0,30,United-States,<=50K
48,Self-emp-not-inc,Bachelors,13,Married-civ-spouse,Prof-specialty,Husband,White,Male,0,0,50,United-States,>50K
31,Private,Some-college,10,Married-civ-spouse,Sales,Husband,White,Male,0,0,50,United-States,<=50K
53,Private,HS-grad,9,Never-married,Sales,Unmarried,White,Female,0,0,45,United-States,<=50K
24,Private,Bachelors,13,Never-married,Tech-support,Not-in-family,White,Male,0,0,40,United-States,<=50K
49,Local-gov,HS-grad,9,Married-civ-spouse,Craft-repair,Husband,White,Male,0,0,40,United-States,<=50K
25,Private,HS-grad,9,Never-married,Adm-clerical,Own-child,White,Male,0,0,40,United-States,<=50K
57,Federal-gov,Bachelors,13,Married-civ-spouse,Prof-specialty,Husband,Black,Male,0,0,40,United-States,>50K
53,Private,HS-grad,9,Married-civ-spouse,Machine-op-inspct,Husband,White,Male,0,0,38,United-States,<=50K
44,Private,Masters,14,Divorced,Exec-managerial,Not-in-family,White,Female,10520,0,45,United-States,>50K
41,State-gov,Assoc-voc,11,Married-civ-spouse,Craft-repair,Husband,White,Male,0,0,40,United-States,<=50K
29,Private,HS-grad,9,Never-married,Adm-clerical,Unmarried,Black,Female,0,0,43,United-States,<=50K
25,Private,Bachelors,13,Never-married,Prof-specialty,Not-in-family,White,Male,0,0,50,United-States,<=50K
18,Private,HS-grad,9,Never-married,Other-service,Own-child,White,Female,0,0,30,United-States,<=50K
47,Private,Prof-school,15,Married-civ-spouse,Prof-specialty,Husband,White,Male,0,0,60,United-States,>50K
50,Federal-gov,HS-grad,9,Divorced,Adm-clerical,Not-in-family,White,Male,0,0,55,United-States,<=50K
47,Self-emp-inc,HS-grad,9,Married-civ-spouse,Exec-managerial,Husband,White,Male,0,0,50,United-States,>50K
43,Private,Some-college,10,Married-civ-spouse,Craft-repair,Husband,White,Male,0,0,40,United-States,<=50K
46,Private,Bachelors,13,Married-civ-spouse,Exec-managerial,Husband,White,Male,7688,0,38,United-States,>50K
35,Private,Bachelors,13,Married-civ-spouse,Tech-support,Husband,White,Male,0,0,40,Puerto-Rico,<=50K
34,Private,HS-grad,9,Married-civ-spouse,Craft-repair,Husband,Amer-Indian-Eskimo,Male,0,0,45,United-States,<=50K
30,Private,Some-college,10,Married-civ-spouse,Sales,Husband,White,Male,0,0,40,United-States,<=50K
32,Federal-gov,HS-grad,9,Married-civ-spouse,Adm-clerical,Husband,Black,Male,0,0,40,United-States,<=50K
17,Private,11th,7,Never-married,Handlers-cleaners,Own-child,White,Male,0,0,12,United-States,<=50K
36,Private,HS-grad,9,Married-civ-spouse,Craft-repair,Husband,White,Male,0,0,44,United-States,<=50K
44,Private,Prof-school,15,Married-civ-spouse,Prof-specialty,Husband,White,Male,15024,0,60,United-States,>50K
32,Private,HS-grad,9,Married-civ-spouse,Craft-repair,Husband,White,Male,4064,0,40,United-States,<=50K
30,State-gov,Assoc-voc,11,Married-civ-spouse,Prof-specialty,Husband,White,Male,0,1887,40,United-States,<=50K
23,Private,Bachelors,13,Never-married,Exec-managerial,Not-in-family,White,Female,0,0,40,United-States,<=50K
20,Private,Some-college,10,Never-married,Sales,Not-in-family,White,Male,0,0,35,United-States,<=50K
69,Private,9th,5,Married-civ-spouse,Other-service,Husband,White,Male,0,0,25,United-States,<=50K
34,Local-gov,Bachelors,13,Married-civ-spouse,Protective-serv,Husband,White,Male,0,0,40,United-States,>50K
45,Private,Bachelors,13,Divorced,Exec-managerial,Own-child,White,Male,0,0,40,United-States,<=50K
61,Private,5th-6th,3,Married-civ-spouse,Other-service,Husband,White,Male,0,0,40,United-States,<=50K
38,Self-emp-not-inc,HS-grad,9,Married-civ-spouse,Sales,Husband,White,Male,0,0,50,United-States,<=50K
28,Private,Some-college,10,Married-civ-spouse,Sales,Husband,White,Male,0,0,45,United-States,<=50K
27,Private,Some-college,10,Never-married,Prof-specialty,Not-in-family,White,Female,0,0,40,United-States,<=50K
90,?,HS-grad,9,Widowed,?,Not-in-family,White,Female,0,0,40,United-States,<=50K
46,Self-emp-not-inc,Bachelors,13,Married-civ-spouse,Sales,Husband,White,Male,0,0,40,United-States,<=50K
48,Private,HS-grad,9,Widowed,Adm-clerical,Unmarried,White,Female,0,0,40,United-States,<=50K
45,State-gov,Some-college,10,Married-civ-spouse,Prof-specialty,Husband,White,Male,0,0,40,United-States,>50K
36,Private,HS-grad,9,Never-married,Machine-op-inspct,Not-in-family,White,Male,99999,0,40,United-States,>50K
46,Private,Some-college,10,Never-married,Other-service,Not-in-family,White,Male,0,0,30,United-States,<=50K
33,State-gov,HS-grad,9,Married-civ-spouse,Adm-clerical,Husband,White,Male,0,0,40,United-States,<=50K
55,Private,HS-grad,9,Married-civ-spouse,Craft-repair,Husband,White,Male,0,0,40,United-States,<=50K
26,Private,Bachelors,13,Never-married,Sales,Not-in-family,White,Male,0,0,40,United-States,<=50K
58,Private,Bachelors,13,Widowed,Exec-managerial,Not-in-family,White,Female,0,0,38,United-States,>50K
54,Private,HS-grad,9,Married-civ-spouse,Machine-op-inspct,Husband,White,Male,0,0,40,United-States,>50K
41,Private,HS-grad,9,Separated,Prof-specialty,Own-child,White,Female,0,0,32,United-States,<=50K
70,Private,Assoc-voc,11,Divorced,Sales,Not-in-family,White,Female,0,0,20,United-States,<=50K
25,Private,11th,7,Never-married,Machine-op-inspct,Not-in-family,White,Male,0,0,40,United-States,<=50K
33,Private,Some-college,10,Married-civ-spouse,Farming-fishing,Husband,White,Male,0,0,50,United-States,<=50K
44,Self-emp-inc,Bachelors,13,Married-civ-spouse,Exec-managerial,Husband,White,Male,0,0,50,United-States,>50K
26,Private,Some-college,10,Never-married,Adm-clerical,Own-child,White,Female,0,0,40,United-States,<=50K
37,Private,HS-grad,9,Married-civ-spouse,Machine-op-inspct,Husband,White,Male,0,0,48,United-States,<=50K
20,Private,Some-college,10,Never-married,Other-service,Own-child,Black,Female,0,0,25,United-States,<=50K
22,Local-gov,Bachelors,13,Never-married,Protective-serv,Own-child,White,Male,0,0,40,United-States,<=50K
